{"accuracy": [0.878876268863678, 0.9353699684143066, 0.9459625482559204, 0.9558643102645874, 0.9649217128753662, 0.9628492593765259, 0.9732115268707275, 0.9749001860618591, 0.9663801193237305, 0.9694504141807556, 0.9749769568443298, 0.9808872938156128], "loss": [0.5641128420829773, 0.2094941884279251, 0.16725729405879974, 0.15219874680042267, 0.1193125993013382, 0.1149001494050026, 0.08110400289297104, 0.07598298043012619, 0.12929053604602814, 0.12132438272237778, 0.08553121238946915, 0.0647168904542923], "val_accuracy": [0.8199737071990967, 0.25755584239959717, 0.7017082571983337, 0.8528252243995667, 0.8488830327987671, 0.9053876399993896, 0.9132720232009888, 0.875164270401001, 0.7477003931999207, 0.3324573040008545, 0.6898817420005798, 0.9224704504013062], "val_loss": [0.7476018071174622, 9.783384323120117, 1.8771973848342896, 0.5223795175552368, 0.6608301997184753, 0.4356863796710968, 0.3135858476161957, 0.4831051230430603, 1.8003209829330444, 23.73491096496582, 4.503048896789551, 0.37721383571624756]}